Month (Jan-Dec),Rating (stars),Language,Favorite Part,What could be better
Jan,5,EN,"Very personal, just our family and Noor. That is what I will remember.",Offer a proper roasting workshop as a separate activity. I would book it.
Jan,4,EN,Noor was honest about the hard parts of farming. It made the visit meaningful.,Card payment please. Many tourists do not carry enough shillings.
Jan,4,EN,Hearing directly from the farmer who grows the coffee. That is the reason we came.,I wanted to leave a review afterwards but there was nowhere online to post it.
Jan,4,EN,"Very personal, just our family and Noor. That is what I will remember.",There is no way to stay in touch after the visit. I would like to order beans from home.
Jan,5,EN,Learning how coffee goes from the farm to my cup. I will never drink it the same way again.,There are no photos or reviews online. My friends will not believe me without a link to send them.
Jan,4,EN,The guide made it easy to ask Noor questions. Without him we would have understood very little.,I want to come back next year with my family but I have no way to contact Noor.
Jan,2,EN,I learned more in two hours here than from any coffee shop. Real knowledge from a real farmer.,"Our hotel had never heard of the farm, so we almost did not come."
Jan,4,EN,Making our own cup from start to finish. I would come back for a full-day version.,Very hard to find without a map pin. Our driver got lost.
Jan,4,EN,I learned more in two hours here than from any coffee shop. Real knowledge from a real farmer.,Honestly nothing. Keep doing what you do.
Jan,5,EN,"Taking home coffee from the farm we visited. Best souvenir, I gave some to my family.",I wanted to leave a review afterwards but there was nowhere online to post it.
Jan,4,EN,Noor's story about her family farm. That personal connection is why I would recommend it.,Cash only. We had to go back to town for money. M-Pesa or card would make it easier.
Jan,5,EN,Noor's story about her family farm. That personal connection is why I would recommend it.,No complaints.
Jan,5,EN,"Meeting Noor in person. It felt real, not like a tourist show. I will tell all my friends.",Honestly nothing. Keep doing what you do.
Jan,5,EN,The thing at the end.,?
Jan,2,EN,The guide made it easy to ask Noor questions. Without him we would have understood very little.,"When the guide was busy, some of what Noor said got lost. A short written guide in English would help. Very hard to find without a map pin. Our driver got lost."
Feb,5,EN,Paying the farmer directly for her coffee. I would buy again if I could order from home.,There are no photos or reviews online. My friends will not believe me without a link to send them.
Feb,4,EN,I learned more in two hours here than from any coffee shop. Real knowledge from a real farmer.,"When the guide was busy, some of what Noor said got lost. A short written guide in English would help."
Feb,5,EN,"Meeting Noor in person. It felt real, not like a tourist show. I will tell all my friends.",There were only a few bags of coffee for sale. I wanted to buy more.
Feb,2,EN,Small group and no rush. Much better than the big plantation tours.,"Our hotel had never heard of the farm, so we almost did not come."
Feb,4,EN,Doing every step ourselves instead of just watching. Worth more than we paid.,We did not know the price or the tour times before coming. A phone or WhatsApp number would help.
Feb,4,EN,"Very personal, just our family and Noor. That is what I will remember.",Honestly nothing. Keep doing what you do.
Feb,5,EN,Doing every step ourselves instead of just watching. Worth more than we paid.,"Nothing, it was perfect."
Feb,4,EN,"Being welcomed like a guest, not a customer. You cannot get that from a big tour company.",There are no photos or reviews online. My friends will not believe me without a link to send them.
Feb,4,EN,Hearing directly from the farmer who grows the coffee. That is the reason we came.,We did not know the price or the tour times before coming. A phone or WhatsApp number would help.
Feb,3,EN,Noor was honest about the hard parts of farming. It made the visit meaningful.,"Our hotel had never heard of the farm, so we almost did not come."
Feb,4,EN,Noor was honest about the hard parts of farming. It made the visit meaningful.,Please put the farm on Google Maps or a booking site so other people can find it.
Feb,4,EN,Roasting the beans ourselves was the highlight. I would pay for a longer roasting class.,I could not find the farm anywhere online. We only heard about it from another traveller.
Feb,4,EN,The coffee itself. I brought two bags home and my friends asked where to get it.,There is no way to stay in touch after the visit. I would like to order beans from home.
Mar,5,EN,It felt like a hidden gem. I will send people here instead of the big tourist farms.,Honestly nothing. Keep doing what you do.
Mar,5,EN,Noor's story about her family farm. That personal connection is why I would recommend it.,I want to come back next year with my family but I have no way to contact Noor.
Mar,3,EN,"Meeting Noor in person. It felt real, not like a tourist show. I will tell all my friends.",I would buy coffee every month if there was a way to order it online. Cash only. We had to go back to town for money. M-Pesa or card would make it easier.
Mar,5,EN,"Taking home coffee from the farm we visited. Best souvenir, I gave some to my family.",I wanted to leave a review afterwards but there was nowhere online to post it.
Mar,5,EN,Noor explained what makes good coffee. Now I know what to look for when I buy it at home.,Everything depends on the guide. Some information in German would have helped us.
Mar,5,EN,Paying the farmer directly for her coffee. I would buy again if I could order from home.,The visit was too short. I would pay more for a half-day experience with lunch.
Mar,3,EN,"Our guide translated everything clearly, so we could really talk with Noor.",Very hard to find without a map pin. Our driver got lost. We did not know the price or the tour times before coming. A phone or WhatsApp number would help.
Mar,5,EN,Nice.,"Hmm, the thing with the... you know."
Mar,5,EN,Noor was honest about the hard parts of farming. It made the visit meaningful.,I want to come back next year with my family but I have no way to contact Noor.
Mar,2,EN,"Our guide translated everything clearly, so we could really talk with Noor.",Give visitors a card with a contact number so we can send our friends. There are no photos or reviews online. My friends will not believe me without a link to send them.
Apr,4,EN,"The hands-on part, roasting and grinding with Noor. That is what made it special.",I want to come back next year with my family but I have no way to contact Noor.
Apr,4,EN,Roasting the beans ourselves was the highlight. I would pay for a longer roasting class.,Very hard to find without a map pin. Our driver got lost.
Apr,4,EN,Hearing directly from the farmer who grows the coffee. That is the reason we came.,"When the guide was busy, some of what Noor said got lost. A short written guide in English would help."
Apr,4,EN,Paying the farmer directly for her coffee. I would buy again if I could order from home.,"Nothing, it was perfect."
Apr,2,EN,"Our guide translated everything clearly, so we could really talk with Noor.","Our hotel had never heard of the farm, so we almost did not come."
Apr,2,EN,"Meeting Noor in person. It felt real, not like a tourist show. I will tell all my friends.",Card payment please. Many tourists do not carry enough shillings.
May,4,EN,Hearing directly from the farmer who grows the coffee. That is the reason we came.,Give visitors a card with a contact number so we can send our friends.
May,5,EN,Noor's story about her family farm. That personal connection is why I would recommend it.,There are no photos or reviews online. My friends will not believe me without a link to send them.
May,4,EN,Buying beans straight from Noor. I want to order more when I run out at home.,The visit was too short. I would pay more for a half-day experience with lunch.
May,5,EN,"Our guide translated everything clearly, so we could really talk with Noor.",Honestly nothing. Keep doing what you do.
May,4,EN,"Our guide translated everything clearly, so we could really talk with Noor.",Cash only. We had to go back to town for money. M-Pesa or card would make it easier.
Jun,5,EN,The guide made it easy to ask Noor questions. Without him we would have understood very little.,Nothing really.
Jun,4,EN,Nice.,so so
Jun,4,EN,Noor was honest about the hard parts of farming. It made the visit meaningful.,Card payment please. Many tourists do not carry enough shillings.
Jun,4,EN,Roasting the beans ourselves was the highlight. I would pay for a longer roasting class.,There is no way to stay in touch after the visit. I would like to order beans from home.
Jun,5,EN,Roasting the beans ourselves was the highlight. I would pay for a longer roasting class.,I wanted to leave a review afterwards but there was nowhere online to post it.
Jun,4,EN,Making our own cup from start to finish. I would come back for a full-day version.,I would buy coffee every month if there was a way to order it online.
Jun,3,EN,Roasting the beans ourselves was the highlight. I would pay for a longer roasting class.,No sign on the main road. A location online would solve this.
Jun,4,EN,Learning how coffee goes from the farm to my cup. I will never drink it the same way again.,"Our hotel had never heard of the farm, so we almost did not come."
Jun,5,EN,The coffee itself. I brought two bags home and my friends asked where to get it.,Please put the farm on Google Maps or a booking site so other people can find it.
Jul,5,EN,It felt like a hidden gem. I will send people here instead of the big tourist farms.,There were only a few bags of coffee for sale. I wanted to buy more.
Jul,5,EN,Learning how coffee goes from the farm to my cup. I will never drink it the same way again.,No complaints.
Jul,3,EN,"The hands-on part, roasting and grinding with Noor. That is what made it special.",We did not know the price or the tour times before coming. A phone or WhatsApp number would help.
Jul,5,EN,Learning how coffee goes from the farm to my cup. I will never drink it the same way again.,Please put the farm on Google Maps or a booking site so other people can find it.
Jul,4,EN,Roasting the beans ourselves was the highlight. I would pay for a longer roasting class.,There is no way to stay in touch after the visit. I would like to order beans from home.
Jul,4,EN,ok,"Not sure, it was different from what I expected."
Jul,5,EN,Everything I guess.,?
Jul,4,EN,It felt like a hidden gem. I will send people here instead of the big tourist farms.,Give visitors a card with a contact number so we can send our friends.
Jul,4,EN,Nice.,It was ok.
Jul,5,EN,Understanding how much work one bag of coffee takes. I see the value of it differently now.,Sell gift packs of beans. I wanted to bring some home for my colleagues.
Jul,5,EN,Understanding how much work one bag of coffee takes. I see the value of it differently now.,Sell gift packs of beans. I wanted to bring some home for my colleagues.
Jul,5,EN,Understanding how much work one bag of coffee takes. I see the value of it differently now.,Honestly nothing. Keep doing what you do.
Jul,4,EN,Understanding how much work one bag of coffee takes. I see the value of it differently now.,I would buy coffee every month if there was a way to order it online.
Jul,4,EN,Understanding how much work one bag of coffee takes. I see the value of it differently now.,I could not find the farm anywhere online. We only heard about it from another traveller.
Jul,5,EN,Small group and no rush. Much better than the big plantation tours.,Give visitors a card with a contact number so we can send our friends.
Jul,4,EN,Making our own cup from start to finish. I would come back for a full-day version.,There is no way to stay in touch after the visit. I would like to order beans from home.
Jul,5,EN,"The hands-on part, roasting and grinding with Noor. That is what made it special.",The visit was too short. I would pay more for a half-day experience with lunch.
Aug,3,EN,Noor explained what makes good coffee. Now I know what to look for when I buy it at home.,No way to book ahead. We just turned up and hoped Noor was there.
Aug,4,EN,It felt like a hidden gem. I will send people here instead of the big tourist farms.,There are no photos or reviews online. My friends will not believe me without a link to send them.
Aug,5,EN,Everything I guess.,"Hmm, the thing with the... you know."
Aug,5,EN,"Being welcomed like a guest, not a customer. You cannot get that from a big tour company.",No complaints.
Aug,4,EN,Hearing directly from the farmer who grows the coffee. That is the reason we came.,There is no way to stay in touch after the visit. I would like to order beans from home. I could not find the farm anywhere online. We only heard about it from another traveller.
Aug,5,EN,The guide made it easy to ask Noor questions. Without him we would have understood very little.,No complaints.
Aug,5,EN,Paying the farmer directly for her coffee. I would buy again if I could order from home.,No complaints.
Aug,4,EN,Learning how coffee goes from the farm to my cup. I will never drink it the same way again.,I would buy coffee every month if there was a way to order it online.
Aug,5,EN,Everything I guess.,"Not sure, it was different from what I expected."
Aug,5,EN,"Being welcomed like a guest, not a customer. You cannot get that from a big tour company.","Nothing, it was perfect."
Aug,5,EN,The guide made it easy to ask Noor questions. Without him we would have understood very little.,The visit was too short. I would pay more for a half-day experience with lunch.
Aug,4,EN,Doing every step ourselves instead of just watching. Worth more than we paid.,Cash only. We had to go back to town for money. M-Pesa or card would make it easier.
Aug,4,EN,Noor was honest about the hard parts of farming. It made the visit meaningful.,I want to come back next year with my family but I have no way to contact Noor.
Aug,4,EN,Learning how coffee goes from the farm to my cup. I will never drink it the same way again.,There is no way to stay in touch after the visit. I would like to order beans from home.
Aug,4,EN,The coffee itself. I brought two bags home and my friends asked where to get it.,Can't think of anything.
Aug,4,EN,Learning how coffee goes from the farm to my cup. I will never drink it the same way again.,"Our hotel had never heard of the farm, so we almost did not come."
Aug,2,EN,Making our own cup from start to finish. I would come back for a full-day version.,"Our hotel had never heard of the farm, so we almost did not come. No sign on the main road. A location online would solve this."
Aug,2,EN,The tasting taught me the difference between fresh and old coffee. I can taste it now.,We did not know the price or the tour times before coming. A phone or WhatsApp number would help.
Aug,3,EN,Roasting the beans ourselves was the highlight. I would pay for a longer roasting class.,No sign on the main road. A location online would solve this. I wanted to leave a review afterwards but there was nowhere online to post it.
Sep,4,EN,Buying beans straight from Noor. I want to order more when I run out at home.,Card payment please. Many tourists do not carry enough shillings.
Sep,5,EN,Small group and no rush. Much better than the big plantation tours.,Sell gift packs of beans. I wanted to bring some home for my colleagues.
Sep,5,EN,Doing every step ourselves instead of just watching. Worth more than we paid.,I could not find the farm anywhere online. We only heard about it from another traveller.
Sep,4,EN,"Very personal, just our family and Noor. That is what I will remember.",I wanted to leave a review afterwards but there was nowhere online to post it.
Sep,4,EN,Learning how coffee goes from the farm to my cup. I will never drink it the same way again.,There are no photos or reviews online. My friends will not believe me without a link to send them.
Sep,4,EN,"Our guide translated everything clearly, so we could really talk with Noor.","Please put the farm on Google Maps or a booking site so other people can find it. When the guide was busy, some of what Noor said got lost. A short written guide in English would help."
Sep,4,EN,Roasting the beans ourselves was the highlight. I would pay for a longer roasting class.,"When the guide was busy, some of what Noor said got lost. A short written guide in English would help."
Sep,4,EN,Noor explained what makes good coffee. Now I know what to look for when I buy it at home.,"Nothing, it was perfect."
Sep,4,EN,Small group and no rush. Much better than the big plantation tours.,No sign on the main road. A location online would solve this.
Sep,5,EN,Roasting the beans ourselves was the highlight. I would pay for a longer roasting class.,There were only a few bags of coffee for sale. I wanted to buy more.
Sep,4,EN,Learning how coffee goes from the farm to my cup. I will never drink it the same way again.,Card payment please. Many tourists do not carry enough shillings.
Sep,5,EN,Doing every step ourselves instead of just watching. Worth more than we paid.,"Nothing, it was perfect."
Sep,4,EN,Small group and no rush. Much better than the big plantation tours.,Honestly nothing. Keep doing what you do.
Sep,5,EN,Noor's story about her family farm. That personal connection is why I would recommend it.,I could not find the farm anywhere online. We only heard about it from another traveller.
Sep,4,EN,Noor's story about her family farm. That personal connection is why I would recommend it.,I would buy coffee every month if there was a way to order it online.
Oct,4,EN,Noor explained what makes good coffee. Now I know what to look for when I buy it at home.,Nothing really.
Oct,3,EN,"Having the guide translate meant we could have a real conversation, not just a tour.",We did not know the price or the tour times before coming. A phone or WhatsApp number would help.
Oct,5,EN,Roasting the beans ourselves was the highlight. I would pay for a longer roasting class.,Can't think of anything.
Oct,4,EN,I learned more in two hours here than from any coffee shop. Real knowledge from a real farmer.,No sign on the main road. A location online would solve this.
Oct,4,EN,Doing every step ourselves instead of just watching. Worth more than we paid.,"When the guide was busy, some of what Noor said got lost. A short written guide in English would help."
Oct,3,EN,I learned more in two hours here than from any coffee shop. Real knowledge from a real farmer.,No sign on the main road. A location online would solve this.
Oct,5,EN,Roasting the beans ourselves was the highlight. I would pay for a longer roasting class.,I wanted to leave a review afterwards but there was nowhere online to post it.
Oct,4,EN,ok,"Not sure, it was different from what I expected."
Oct,5,EN,Doing every step ourselves instead of just watching. Worth more than we paid.,I could not find the farm anywhere online. We only heard about it from another traveller.
Oct,4,EN,Understanding how much work one bag of coffee takes. I see the value of it differently now.,Sell gift packs of beans. I wanted to bring some home for my colleagues.
Oct,4,EN,Buying beans straight from Noor. I want to order more when I run out at home.,Offer a proper roasting workshop as a separate activity. I would book it.
Oct,4,EN,The coffee itself. I brought two bags home and my friends asked where to get it.,I would buy coffee every month if there was a way to order it online.
Oct,5,EN,Noor explained what makes good coffee. Now I know what to look for when I buy it at home.,No complaints.
Oct,5,EN,Doing every step ourselves instead of just watching. Worth more than we paid.,I would buy coffee every month if there was a way to order it online.
Oct,3,EN,Paying the farmer directly for her coffee. I would buy again if I could order from home.,Give visitors a card with a contact number so we can send our friends. Sell gift packs of beans. I wanted to bring some home for my colleagues.
Nov,4,EN,"Meeting Noor in person. It felt real, not like a tourist show. I will tell all my friends.",I had questions for Noor after the guide left and nobody could translate.
Nov,5,EN,"The hands-on part, roasting and grinding with Noor. That is what made it special.",There are no photos or reviews online. My friends will not believe me without a link to send them.
Nov,3,EN,The guide made it easy to ask Noor questions. Without him we would have understood very little.,No way to book ahead. We just turned up and hoped Noor was there. I could not find the farm anywhere online. We only heard about it from another traveller.
Nov,4,EN,"Having the guide translate meant we could have a real conversation, not just a tour.",I could not find the farm anywhere online. We only heard about it from another traveller.
Nov,4,EN,"Having the guide translate meant we could have a real conversation, not just a tour.",Offer a proper roasting workshop as a separate activity. I would book it.
Nov,4,EN,Paying the farmer directly for her coffee. I would buy again if I could order from home.,Offer a proper roasting workshop as a separate activity. I would book it.
Nov,4,EN,Noor was honest about the hard parts of farming. It made the visit meaningful.,The visit was too short. I would pay more for a half-day experience with lunch. Everything depends on the guide. Some information in German would have helped us.
Nov,2,EN,Buying beans straight from Noor. I want to order more when I run out at home.,Card payment please. Many tourists do not carry enough shillings.
Nov,3,EN,"The hands-on part, roasting and grinding with Noor. That is what made it special.","Our hotel had never heard of the farm, so we almost did not come."
Nov,2,EN,I learned more in two hours here than from any coffee shop. Real knowledge from a real farmer.,Very hard to find without a map pin. Our driver got lost.
Dec,4,EN,"Very personal, just our family and Noor. That is what I will remember.",I want to come back next year with my family but I have no way to contact Noor.
Dec,5,EN,Roasting the beans ourselves was the highlight. I would pay for a longer roasting class.,"Nothing, it was perfect."
Dec,4,EN,"Being welcomed like a guest, not a customer. You cannot get that from a big tour company.",There is no way to stay in touch after the visit. I would like to order beans from home.
Dec,2,EN,The tasting taught me the difference between fresh and old coffee. I can taste it now.,No way to book ahead. We just turned up and hoped Noor was there.
Dec,3,EN,"Meeting Noor in person. It felt real, not like a tourist show. I will tell all my friends.",No way to book ahead. We just turned up and hoped Noor was there.
Dec,5,EN,"Having the guide translate meant we could have a real conversation, not just a tour.",I would buy coffee every month if there was a way to order it online.
Dec,4,EN,"Having the guide translate meant we could have a real conversation, not just a tour.",I want to come back next year with my family but I have no way to contact Noor.
Dec,4,EN,Hearing directly from the farmer who grows the coffee. That is the reason we came.,Honestly nothing. Keep doing what you do.
Dec,4,EN,Doing every step ourselves instead of just watching. Worth more than we paid.,Nothing really.
Dec,2,EN,"Our guide translated everything clearly, so we could really talk with Noor.",Card payment please. Many tourists do not carry enough shillings.
Dec,4,EN,Hearing directly from the farmer who grows the coffee. That is the reason we came.,We did not know the price or the tour times before coming. A phone or WhatsApp number would help.
Dec,5,EN,Buying beans straight from Noor. I want to order more when I run out at home.,I want to come back next year with my family but I have no way to contact Noor.
Dec,4,EN,Hearing directly from the farmer who grows the coffee. That is the reason we came.,Please put the farm on Google Maps or a booking site so other people can find it.
Dec,3,EN,Hearing directly from the farmer who grows the coffee. That is the reason we came.,"Our hotel had never heard of the farm, so we almost did not come."
Dec,4,EN,Noor's story about her family farm. That personal connection is why I would recommend it.,There were only a few bags of coffee for sale. I wanted to buy more.
Dec,4,EN,ok,so so
